{
    "loss": 20.17763900756836,
    "accuracy": 0.5035971403121948
}